"px-3","px-3 2","font-semibold","text-[10px]","font-semibold 2","text-[10px] 2","font-semibold 3","text-[10px] 3","font-semibold 4","text-[10px] 4","font-semibold 5","text-[10px] 5","text-gray-400 href"
"40100","Dormant ""Z"" simple tubulaire","110.767","131.813","129.732","154.381","134.007","159.468","135.658","161.433","138.494","164.808","https://atelierpro.vortech-x.com/articles/406835/edit"
"40102","Dormant ""L"" simple tubulaire","90.278","107.431","108.376","128.967","111.837","133.086","116.577","138.727","118.947","141.547","https://atelierpro.vortech-x.com/articles/407123/edit"
"40104","Traverse intérmediaire 86mm","148.967","177.271","163.933","195.080","169.618","201.845","177.395","211.100","181.284","215.728","https://atelierpro.vortech-x.com/articles/407124/edit"
"40107","Tringle","23.344","27.779","24.363","28.992","25.122","29.895","26.162","31.133","26.681","31.750","https://atelierpro.vortech-x.com/articles/406250/edit"
"40108","Rejet d'eau 40E","22.468","26.737","23.705","28.209","24.444","29.088","25.455","30.291","25.960","30.892","https://atelierpro.vortech-x.com/articles/406255/edit"
"40111","Paraclose droite F=18mm","41.457","49.334","43.130","51.325","44.474","52.924","46.313","55.112","47.233","56.207","https://atelierpro.vortech-x.com/articles/407157/edit"
"40112","Battement central 40S Battement basculant","95.908","114.131","111.159","132.279","114.734","136.533","119.615","142.342","122.058","145.249","https://atelierpro.vortech-x.com/articles/406260/edit"
"40121","Traverse intérmediaire 150mm","227.081","270.226","255.960","304.592","264.834","315.152","276.980","329.606","283.052","336.832","https://atelierpro.vortech-x.com/articles/406836/edit"
"40133","Porte joint","34.968","41.612","36.380","43.292","37.515","44.643","39.066","46.489","39.841","47.411","https://atelierpro.vortech-x.com/articles/406270/edit"
"40139","Parclose droite F=12mm","41.701","49.624","45.435","54.068","46.850","55.752","48.788","58.058","49.757","59.211","https://atelierpro.vortech-x.com/articles/407125/edit"
"40150","Dormant ""Z” double tubulaire Ouvrant ”Z"" double tubulaire","134.065","159.537","153.404","182.551","158.459","188.566","165.373","196.794","168.830","200.908","https://atelierpro.vortech-x.com/articles/406838/edit"
"40154","Socle 142mm pour fixe ou ouvrant","227.327","270.519","255.219","303.711","264.069","314.242","276.179","328.653","282.234","335.858","https://atelierpro.vortech-x.com/articles/406839/edit"
"40402","Dormant ""Z"" simple tubulaire 35mm avec couvre joint arrondi","113.081","134.566","132.380","157.532","136.740","162.721","142.707","169.821","145.691","173.372","https://atelierpro.vortech-x.com/articles/406840/edit"
"67101","Dormant (2Rails) sans couvre joint","121.182","144.207","145.617","173.284","150.416","178.995","156.978","186.804","160.260","190.709","https://atelierpro.vortech-x.com/articles/406300/edit"
"67103","Dormant (2 Rails) avec couvre jont arrondi","145.755","173.448","165.853","197.365","171.608","204.214","179.477","213.578","183.411","218.259","https://atelierpro.vortech-x.com/articles/406305/edit"
"67104","Montant latéral ouvrant","95.201","113.289","112.753","134.176","116.470","138.599","121.553","144.648","124.094","147.672","https://atelierpro.vortech-x.com/articles/406310/edit"
"67105","Montant central ouvrant","74.106","88.186","88.144","104.891","90.962","108.245","94.816","112.831","96.743","115.124","https://atelierpro.vortech-x.com/articles/406315/edit"
"67106","Traverse haute et basouvrant","86.456","102.883","105.886","126.004","109.288","130.053","113.943","135.592","116.271","138.362","https://atelierpro.vortech-x.com/articles/406320/edit"
"67107","Montant central renforcé ouvrant","107.165","127.526","126.786","150.875","130.796","155.647","136.663","162.629","139.520","166.029","https://atelierpro.vortech-x.com/articles/406325/edit"
"67108","Montant latéral renforcé ouvrant","124.299","147.916","149.359","177.737","154.276","183.588","161.007","191.598","164.374","195.605","https://atelierpro.vortech-x.com/articles/406330/edit"
"67110","Dormant trois rails avec couvre joint arrondie","225.752","268.645","243.091","289.278","251.519","299.308","263.050","313.030","268.817","319.892","https://atelierpro.vortech-x.com/articles/407197/edit"
"67113","Traverse intermédiaire","145.964","173.697","149.437","177.830","154.615","183.992","161.705","192.429","165.250","196.648","https://atelierpro.vortech-x.com/articles/407722/edit"
"67114","Réducteur de feuillure pour simple vitrage F=15 mm","19.275","22.937","23.046","27.425","23.764","28.279","24.747","29.449","25.239","30.034","https://atelierpro.vortech-x.com/articles/406335/edit"
"67203","Dormant trois rails LD","223.777","266.295","227.700","270.963","235.592","280.354","246.400","293.216","251.802","299.644","https://atelierpro.vortech-x.com/articles/407202/edit"
"80116","—","19.067","22.690","19.067","22.690","19.067","22.690","19.067","22.690","19.067","22.690","https://atelierpro.vortech-x.com/articles/406340/edit"
"80124","—","43.200","51.408","43.200","51.408","43.200","51.408","43.200","51.408","43.200","51.408","https://atelierpro.vortech-x.com/articles/406345/edit"
"EX45 1123","Dormant simple tubulaire","145.193","172.780","151.068","179.771","156.045","185.694","162.854","193.796","166.258","197.847","https://atelierpro.vortech-x.com/articles/407137/edit"
"EX45 1125","Dormant simple tubulaire","131.870","156.925","137.212","163.282","141.728","168.656","147.911","176.014","151.005","179.696","https://atelierpro.vortech-x.com/articles/407139/edit"
"EX45 1130","Traverse 80 mm","167.794","199.675","174.585","207.756","180.639","214.960","188.922","224.817","193.064","229.746","https://atelierpro.vortech-x.com/articles/407162/edit"
"EX45 1131","Traverse 150mm GM","253.825","302.052","264.098","314.277","273.255","325.173","285.785","340.084","292.050","347.540","https://atelierpro.vortech-x.com/articles/407172/edit"
"EX45 1132","Socle de porte 150 mm GM","261.788","311.528","272.382","324.135","281.827","335.374","294.751","350.754","301.213","358.443","https://atelierpro.vortech-x.com/articles/407167/edit"
"Ex45 1210","Ouvrant fenêtre","145.341","172.956","151.222","179.954","156.206","185.885","163.022","193.996","166.430","198.052","https://atelierpro.vortech-x.com/articles/406476/edit"
"Ex45 1211","Battement central","119.264","141.924","124.090","147.667","128.200","152.558","133.823","159.249","136.634","162.594","https://atelierpro.vortech-x.com/articles/406481/edit"
"EX45 1212","Ouvrant porte fenêtre - porte en feuillure","161.680","192.399","168.222","200.184","174.056","207.127","182.038","216.625","186.029","221.375","https://atelierpro.vortech-x.com/articles/407177/edit"
"EX45 1312","Parclose droite F=15 mm","50.906","60.578","52.965","63.028","54.632","65.012","56.914","67.728","58.054","69.084","https://atelierpro.vortech-x.com/articles/407141/edit"
"EX45 1313","Parclose droite F=32 mm","40.503","48.199","42.146","50.154","43.455","51.711","45.252","53.850","46.151","54.920","https://atelierpro.vortech-x.com/articles/407142/edit"
"EX60 2110","Dormant deux rails avec couvre joint intégré avec récupérateur d'eau","212.161","252.472","220.747","262.689","228.401","271.797","238.874","284.260","244.111","290.492","https://atelierpro.vortech-x.com/articles/406548/edit"
"Ex60 2210","Traverse haute et basse ouvrant","136.238","162.123","141.752","168.685","146.446","174.271","152.869","181.914","156.081","185.736","https://atelierpro.vortech-x.com/articles/406563/edit"
"Ex60 2211","Montant latéral ouvrant","145.754","173.447","151.653","180.467","156.912","186.725","164.106","195.286","167.705","199.569","https://atelierpro.vortech-x.com/articles/406568/edit"
"Ex60 2212","Montant central ouvrant","104.778","124.686","109.018","129.731","112.609","134.005","117.523","139.852","119.980","142.776","https://atelierpro.vortech-x.com/articles/406573/edit"
"Ex60 2213","Montant central renforcé ouvrant","174.904","208.136","181.983","216.560","188.294","224.070","196.927","234.343","201.245","239.482","https://atelierpro.vortech-x.com/articles/406578/edit"
"Ex60 2214","Montant latéral renforcé ouvrant","204.907","243.839","213.201","253.709","220.593","262.506","230.710","274.545","235.767","280.563","https://atelierpro.vortech-x.com/articles/406583/edit"
"Ex60 2215","Traverse intérmediaire 74 mm","149.166","177.508","155.204","184.693","160.585","191.096","167.949","199.859","171.630","204.240","https://atelierpro.vortech-x.com/articles/406588/edit"
"EX60 2311","Battement centrale sur même rail","42.084","50.080","43.788","52.108","45.154","53.733","47.020","55.954","47.953","57.064","https://atelierpro.vortech-x.com/articles/406598/edit"
"Ex60 2312","Réducteur de feuillure pour simple vitrage F= 15 mm","37.971","45.185","39.509","47.016","40.740","48.481","42.423","50.483","43.266","51.487","https://atelierpro.vortech-x.com/articles/406603/edit"
"TW60 1314","—","43.667","51.964","45.435","54.068","46.850","55.752","48.786","58.055","49.757","59.211","https://atelierpro.vortech-x.com/articles/406703/edit"