"mat-mdc-card-title","text-gray-500","text-gray-500 2"
"Série 40402","Prix Unitaire: 113.081 DT","Couleur: Blanc"
"Série 40402","Prix Unitaire: 136.74 DT","Couleur: Effet bois"
"Série 40402","Prix Unitaire: 136.74 DT","Couleur: Noir mat"
"Série 40402","Prix Unitaire: 132.38 DT","Couleur: Gris"
"Série 40402","Prix Unitaire: 145.691 DT","Couleur: Gris givré"
"Série 40100","Prix Unitaire: 129.732 DT","Couleur: Gris"
"Série 40100","Prix Unitaire: 134.052 DT","Couleur: Effet bois"
"Série 40100","Prix Unitaire: 110.767 DT","Couleur: Blanc"
"Série 40100","Prix Unitaire: 134.007 DT","Couleur: Noir mat"
"Série 40100","Prix Unitaire: 138.494 DT","Couleur: Gris givré"
"Série 40100","Prix Unitaire: 138.494 DT","Couleur: Noir givré"
"Série 40404","Prix Unitaire: 127.297 DT","Couleur: Blanc"
"Série 40404","Prix Unitaire: 157.346 DT","Couleur: Gris givré"
"Série 40404","Prix Unitaire: 157.346 DT","Couleur: Noir givré"
"Série 40404","Prix Unitaire: 147.679 DT","Couleur: Noir mat"
"Série 40404","Prix Unitaire: 147.679 DT","Couleur: Effet bois"
"Série 40404","Prix Unitaire: 142.97 DT","Couleur: Gris"
"Série 40406","Prix Unitaire: 122.538 DT","Couleur: Blanc"
"Série 40406","Prix Unitaire: 151.347 DT","Couleur: Noir givré"
"Série 40406","Prix Unitaire: 151.347 DT","Couleur: Gris givré"
"Série 40406","Prix Unitaire: 142.05 DT","Couleur: Noir mat"
"Série 40406","Prix Unitaire: 142.05 DT","Couleur: Effet bois"
"Série 40406","Prix Unitaire: 137.52 DT","Couleur: Gris"
"Série 40403","Prix Unitaire: 144.847 DT","Couleur: Blanc"
"Série 40403","Prix Unitaire: 182.102 DT","Couleur: Noir givré"
"Série 40403","Prix Unitaire: 182.102 DT","Couleur: Gris givré"
"Série 40403","Prix Unitaire: 170.383 DT","Couleur: Noir mat"
"Série 40403","Prix Unitaire: 170.383 DT","Couleur: Effet bois"
"Série 40403","Prix Unitaire: 164.673 DT","Couleur: Gris"
"Série 40401","Prix Unitaire: 131.3 DT","Couleur: Blanc"
"Série 40401","Prix Unitaire: 173.431 DT","Couleur: Noir givré"
"Série 40401","Prix Unitaire: 173.431 DT","Couleur: Gris givré"
"Série 40401","Prix Unitaire: 162.269 DT","Couleur: Noir mat"
"Série 40401","Prix Unitaire: 162.269 DT","Couleur: Effet bois"
"Série 40401","Prix Unitaire: 156.83 DT","Couleur: Gris"
"Série 40107","Prix Unitaire: 23.344 DT","Couleur: Blanc"
"Série 40107","Prix Unitaire: 26.681 DT","Couleur: Noir givré"
"Série 40107","Prix Unitaire: 26.681 DT","Couleur: Gris givré"
"Série 40107","Prix Unitaire: 25.122 DT","Couleur: Noir mat"
"Série 40107","Prix Unitaire: 25.122 DT","Couleur: Effet bois"
"Série 40107","Prix Unitaire: 24.363 DT","Couleur: Gris"
"Série 40112","Prix Unitaire: 95.908 DT","Couleur: Blanc"
"Série 40112","Prix Unitaire: 122.058 DT","Couleur: Noir givré"
"Série 40112","Prix Unitaire: 122.058 DT","Couleur: Gris givré"
"Série 40112","Prix Unitaire: 114.734 DT","Couleur: Noir mat"
"Série 40112","Prix Unitaire: 114.734 DT","Couleur: Effet bois"
"Série 40112","Prix Unitaire: 111.159 DT","Couleur: Gris"
"Série 40102","Prix Unitaire: 90.278 DT","Couleur: Blanc"
"Série 40102","Prix Unitaire: 108.376 DT","Couleur: Gris"
"Série 40102","Prix Unitaire: 118.947 DT","Couleur: Noir givré"
"Série 40102","Prix Unitaire: 118.947 DT","Couleur: Gris givré"
"Série 40102","Prix Unitaire: 111.837 DT","Couleur: Noir mat"
"Série 40102","Prix Unitaire: 111.837 DT","Couleur: Effet bois"
"Série 40104","Prix Unitaire: 148.967 DT","Couleur: Blanc"
"Série 40104","Prix Unitaire: 181.284 DT","Couleur: Noir givré"
"Série 40104","Prix Unitaire: 181.284 DT","Couleur: Gris givré"
"Série 40104","Prix Unitaire: 169.618 DT","Couleur: Noir mat"
"Série 40104","Prix Unitaire: 169.618 DT","Couleur: Effet bois"
"Série 40104","Prix Unitaire: 163.933 DT","Couleur: Gris"
"Série 40166","Prix Unitaire: 39.826 DT","Couleur: Blanc"
"Série 40166","Prix Unitaire: 46.331 DT","Couleur: Noir givré"
"Série 40166","Prix Unitaire: 46.331 DT","Couleur: Gris givré"
"Série 40166","Prix Unitaire: 43.63 DT","Couleur: Noir mat"
"Série 40166","Prix Unitaire: 43.63 DT","Couleur: Effet bois"
"Série 40166","Prix Unitaire: 42.307 DT","Couleur: Gris"
"Série 40135","Prix Unitaire: 34.925 DT","Couleur: Blanc"
"Série 40135","Prix Unitaire: 40.33 DT","Couleur: Gris"
"Série 40135","Prix Unitaire: 44.168 DT","Couleur: Noir givré"
"Série 40135","Prix Unitaire: 44.168 DT","Couleur: Gris givré"
"Série 40135","Prix Unitaire: 41.585 DT","Couleur: Noir mat"
"Série 40135","Prix Unitaire: 41.585 DT","Couleur: Effet bois"
"Série 40154","Prix Unitaire: 227.327 DT","Couleur: Blanc"
"Série 40154","Prix Unitaire: 282.234 DT","Couleur: Noir givré"
"Série 40154","Prix Unitaire: 282.234 DT","Couleur: Gris givré"
"Série 40154","Prix Unitaire: 264.069 DT","Couleur: Noir mat"
"Série 40154","Prix Unitaire: 264.069 DT","Couleur: Effet bois"
"Série 40154","Prix Unitaire: 255.219 DT","Couleur: Gris"
"Série 40121","Prix Unitaire: 227.048 DT","Couleur: Blanc"
"Série 40121","Prix Unitaire: 283.049 DT","Couleur: Noir givré"
"Série 40121","Prix Unitaire: 283.052 DT","Couleur: Gris givré"
"Série 40121","Prix Unitaire: 264.834 DT","Couleur: Noir mat"
"Série 40121","Prix Unitaire: 264.834 DT","Couleur: Effet bois"
"Série 40121","Prix Unitaire: 255.96 DT","Couleur: Gris"
"Série 67101","Prix Unitaire: 121.182 DT","Couleur: Blanc"
"Série 67101","Prix Unitaire: 160.26 DT","Couleur: Noir givré"
"Série 67101","Prix Unitaire: 160.26 DT","Couleur: Gris givré"
"Série 67101","Prix Unitaire: 150.416 DT","Couleur: Noir mat"
"Série 67101","Prix Unitaire: 150.416 DT","Couleur: Effet bois"
"Série 67101","Prix Unitaire: 145.617 DT","Couleur: Gris"
"Série 67102","Prix Unitaire: 135 DT","Couleur: Blanc"
"Série 67102","Prix Unitaire: 170.813 DT","Couleur: Noir givré"
"Série 67102","Prix Unitaire: 170.813 DT","Couleur: Gris givré"
"Série 67102","Prix Unitaire: 159.824 DT","Couleur: Noir mat"
"Série 67102","Prix Unitaire: 159.824 DT","Couleur: Effet bois"
"Série 67102","Prix Unitaire: 154.457 DT","Couleur: Gris"
"Série 67103","Prix Unitaire: 145.755 DT","Couleur: Blanc"
"Série 67103","Prix Unitaire: 183.411 DT","Couleur: Noir givré"
"Série 67103","Prix Unitaire: 183.411 DT","Couleur: Gris givré"
"Série 67103","Prix Unitaire: 171.608 DT","Couleur: Noir mat"
"Série 67103","Prix Unitaire: 171.608 DT","Couleur: Effet bois"
"Série 67103","Prix Unitaire: 165.853 DT","Couleur: Gris"
"Série 67035","Prix Unitaire: 129.6 DT","Couleur: Blanc"
"Série 67035","Prix Unitaire: 170.64 DT","Couleur: Noir givré"
"Série 67035","Prix Unitaire: 170.64 DT","Couleur: Gris givré"
"Série 67035","Prix Unitaire: 158.76 DT","Couleur: Noir mat"
"Série 67035","Prix Unitaire: 158.76 DT","Couleur: Effet bois"
"Série 67035","Prix Unitaire: 154.44 DT","Couleur: Gris"
"Série 67104","Prix Unitaire: 95.201 DT","Couleur: Blanc"
"Série 67104","Prix Unitaire: 124.094 DT","Couleur: Noir givré"
"Série 67104","Prix Unitaire: 124.094 DT","Couleur: Gris givré"
"Série 67104","Prix Unitaire: 116.47 DT","Couleur: Noir mat"
"Série 67104","Prix Unitaire: 116.47 DT","Couleur: Effet bois"
"Série 67104","Prix Unitaire: 112.753 DT","Couleur: Gris"
"Série 67105","Prix Unitaire: 74.106 DT","Couleur: Blanc"
"Série 67105","Prix Unitaire: 96.743 DT","Couleur: Noir givré"
"Série 67105","Prix Unitaire: 96.743 DT","Couleur: Gris givré"
"Série 67105","Prix Unitaire: 90.962 DT","Couleur: Noir mat"
"Série 67105","Prix Unitaire: 90.962 DT","Couleur: Effet bois"
"Série 67105","Prix Unitaire: 88.144 DT","Couleur: Gris"
"Série 67106","Prix Unitaire: 86.456 DT","Couleur: Blanc"
"Série 67106","Prix Unitaire: 116.271 DT","Couleur: Gris givré"
"Série 67106","Prix Unitaire: 109.288 DT","Couleur: Noir mat"
"Série 67106","Prix Unitaire: 109.288 DT","Couleur: Effet bois"
"Série 67106","Prix Unitaire: 105.886 DT","Couleur: Gris"
"Série 67106","Prix Unitaire: 116.271 DT","Couleur: Noir givré"
"Série 80116","Prix Unitaire: 24.84 DT","Couleur: Blanc"
"Série 80116","Prix Unitaire: 24.84 DT","Couleur: Noir givré"
"Série 80116","Prix Unitaire: 24.84 DT","Couleur: Gris givré"
"Série 80116","Prix Unitaire: 24.84 DT","Couleur: Noir mat"
"Série 80116","Prix Unitaire: 24.84 DT","Couleur: Effet bois"
"Série 80116","Prix Unitaire: 24.84 DT","Couleur: Gris"
"Série 67114","Prix Unitaire: 19.275 DT","Couleur: Blanc"
"Série 67114","Prix Unitaire: 25.239 DT","Couleur: Noir givré"
"Série 67114","Prix Unitaire: 25.239 DT","Couleur: Gris givré"
"Série 67114","Prix Unitaire: 23.764 DT","Couleur: Noir mat"
"Série 67114","Prix Unitaire: 23.764 DT","Couleur: Effet bois"
"Série 67114","Prix Unitaire: 23.046 DT","Couleur: Gris"
"Série EX2311","Prix Unitaire: 30.24 DT","Couleur: Blanc"
"Série EX2311","Prix Unitaire: 45.36 DT","Couleur: Noir givré"
"Série EX2311","Prix Unitaire: 45.36 DT","Couleur: Gris givré"
"Série EX2311","Prix Unitaire: 39.96 DT","Couleur: Noir mat"
"Série EX2311","Prix Unitaire: 39.96 DT","Couleur: Effet bois"
"Série EX2311","Prix Unitaire: 37.8 DT","Couleur: Gris"
"Série 67107","Prix Unitaire: 107.165 DT","Couleur: Blanc"
"Série 67107","Prix Unitaire: 139.52 DT","Couleur: Noir givré"
"Série 67107","Prix Unitaire: 139.52 DT","Couleur: Gris givré"
"Série 67107","Prix Unitaire: 130.796 DT","Couleur: Noir mat"
"Série 67107","Prix Unitaire: 130.796 DT","Couleur: Effet bois"
"Série 67107","Prix Unitaire: 126.786 DT","Couleur: Gris"
"Série 67108","Prix Unitaire: 124.299 DT","Couleur: Blanc"
"Série 67108","Prix Unitaire: 164.374 DT","Couleur: Gris givré"
"Série 67108","Prix Unitaire: 164.374 DT","Couleur: Noir givré"
"Série 67108","Prix Unitaire: 154.276 DT","Couleur: Noir mat"
"Série 67108","Prix Unitaire: 154.276 DT","Couleur: Effet bois"
"Série 67108","Prix Unitaire: 149.359 DT","Couleur: Gris"
"Série 67204","Prix Unitaire: 108.473 DT","Couleur: Blanc"
"Série 67204","Prix Unitaire: 116.178 DT","Couleur: Gris"
"Série 67204","Prix Unitaire: 120.006 DT","Couleur: Noir mat"
"Série 67204","Prix Unitaire: 127.866 DT","Couleur: Effet bois"
"Série 67204","Prix Unitaire: 127.866 DT","Couleur: Gris givré"
"Série 67204","Prix Unitaire: 127.866 DT","Couleur: Noir givré"
"Série 67206","Prix Unitaire: 83.028 DT","Couleur: Blanc"
"Série 67206","Prix Unitaire: 91.68 DT","Couleur: Gris"
"Série 67206","Prix Unitaire: 73.008 DT","Couleur: Noir mat"
"Série 67206","Prix Unitaire: 100.62 DT","Couleur: Effet bois"
"Série 67206","Prix Unitaire: 100.62 DT","Couleur: Gris givré"
"Série 67206","Prix Unitaire: 100.62 DT","Couleur: Noir givré"
"Série 67205","Prix Unitaire: 141.772 DT","Couleur: Blanc"
"Série 67205","Prix Unitaire: 151.852 DT","Couleur: Gris"
"Série 67205","Prix Unitaire: 156.848 DT","Couleur: Noir mat"
"Série 67205","Prix Unitaire: 167.116 DT","Couleur: Effet bois"
"Série 67205","Prix Unitaire: 167.116 DT","Couleur: Gris givré"
"Série 67205","Prix Unitaire: 167.116 DT","Couleur: Noir givré"
"Série 67207","Prix Unitaire: 161.254 DT","Couleur: Blanc"
"Série 67207","Prix Unitaire: 164.085 DT","Couleur: Gris"
"Série 67207","Prix Unitaire: 169.768 DT","Couleur: Noir mat"
"Série 67207","Prix Unitaire: 181.448 DT","Couleur: Effet bois"
"Série 67207","Prix Unitaire: 181.448 DT","Couleur: Gris givré"
"Série 67207","Prix Unitaire: 181.448 DT","Couleur: Noir givré"
"Série 67110","Prix Unitaire: 225.752 DT","Couleur: Blanc"
"Série 67110","Prix Unitaire: 243.091 DT","Couleur: Gris"
"Série 67110","Prix Unitaire: 251.519 DT","Couleur: Noir mat"
"Série 67110","Prix Unitaire: 268.817 DT","Couleur: Effet bois"
"Série 67110","Prix Unitaire: 268.817 DT","Couleur: Gris givré"
"Série 67110","Prix Unitaire: 268.817 DT","Couleur: Noir givré"
"Série 67036","Prix Unitaire: 208.739 DT","Couleur: Blanc"
"Série 67036","Prix Unitaire: 217.814 DT","Couleur: Gris"
"Série 67036","Prix Unitaire: 226.892 DT","Couleur: Noir mat"
"Série 67036","Prix Unitaire: 240.504 DT","Couleur: Effet bois"
"Série 67036","Prix Unitaire: 240.504 DT","Couleur: Gris givré"
"Série 67036","Prix Unitaire: 240.504 DT","Couleur: Noir givré"
"Série 67202","Prix Unitaire: 153.255 DT","Couleur: Blanc"
"Série 67202","Prix Unitaire: 155.941 DT","Couleur: Gris"
"Série 67202","Prix Unitaire: 161.355 DT","Couleur: Noir mat"
"Série 67202","Prix Unitaire: 172.449 DT","Couleur: Effet bois"
"Série 67202","Prix Unitaire: 172.449 DT","Couleur: Gris givré"
"Série 67202","Prix Unitaire: 172.449 DT","Couleur: Noir givré"
"Série 67208","Prix Unitaire: 138.006 DT","Couleur: Blanc"
"Série 67208","Prix Unitaire: 147.796 DT","Couleur: Gris"
"Série 67208","Prix Unitaire: 152.666 DT","Couleur: Noir mat"
"Série 67208","Prix Unitaire: 162.66 DT","Couleur: Effet bois"
"Série 67208","Prix Unitaire: 162.66 DT","Couleur: Gris givré"
"Série 67208","Prix Unitaire: 162.66 DT","Couleur: Noir givré"
"Lame 55 (injectée)","Prix Unitaire: 22.14 DT","Couleur: Blanc"
"Lame 55 (injectée)","Prix Unitaire: 20.412 DT","Couleur: Blanc"
"Lame 55 (injectée)","Prix Unitaire: 24.3 DT","Couleur: Gris"
"Lame 55 (injectée)","Prix Unitaire: 29.16 DT","Couleur: Noir givré"
"Lame 55 (injectée)","Prix Unitaire: 29.16 DT","Couleur: Gris givré"
"Lame 55 (injectée)","Prix Unitaire: 27 DT","Couleur: Noir mat"
"Lame 55 (injectée)","Prix Unitaire: 27 DT","Couleur: Effet bois"
"Lame 55 (injectée)","Prix Unitaire: 27.972 DT","Couleur: Noir givré"
"Lame 55 (injectée)","Prix Unitaire: 27.972 DT","Couleur: Gris givré"
"Lame 55 (injectée)","Prix Unitaire: 25.812 DT","Couleur: Noir mat"
"Lame 55 (injectée)","Prix Unitaire: 25.812 DT","Couleur: Effet bois"
"Lame 55 (injectée)","Prix Unitaire: 23.652 DT","Couleur: Gris"
"Série 11049 (lame finale)","Prix Unitaire: 69.303 DT","Couleur: Blanc"
"Série 11049 (lame finale)","Prix Unitaire: 78.977 DT","Couleur: Noir givré"
"Série 11049 (lame finale)","Prix Unitaire: 78.977 DT","Couleur: Gris givré"
"Série 11049 (lame finale)","Prix Unitaire: 74.345 DT","Couleur: Noir mat"
"Série 11049 (lame finale)","Prix Unitaire: 74.345 DT","Couleur: Effet bois"
"Série 11049 (lame finale)","Prix Unitaire: 72.102 DT","Couleur: Gris"
"Lame 45 (injectée)","Prix Unitaire: 14.58 DT","Couleur: Blanc"
"Lame 45 (injectée)","Prix Unitaire: 13.716 DT","Couleur: Blanc"
"Lame 45 (injectée)","Prix Unitaire: 18.9 DT","Couleur: Noir givré"
"Lame 45 (injectée)","Prix Unitaire: 18.9 DT","Couleur: Gris givré"
"Lame 45 (injectée)","Prix Unitaire: 16.74 DT","Couleur: Noir mat"
"Lame 45 (injectée)","Prix Unitaire: 16.74 DT","Couleur: Effet bois"
"Lame 45 (injectée)","Prix Unitaire: 15.66 DT","Couleur: Gris"
"Lame finale 45","Prix Unitaire: 48.996 DT","Couleur: Blanc"
"Lame finale 45","Prix Unitaire: 56.805 DT","Couleur: Noir givré"
"Lame finale 45","Prix Unitaire: 56.805 DT","Couleur: Gris givré"
"Lame finale 45","Prix Unitaire: 53.456 DT","Couleur: Noir mat"
"Lame finale 45","Prix Unitaire: 53.456 DT","Couleur: Effet bois"
"Lame finale 45","Prix Unitaire: 50.978 DT","Couleur: Gris"
"Série 11593 (glissière)","Prix Unitaire: 80.469 DT","Couleur: Blanc"
"Série 11593 (glissière)","Prix Unitaire: 84.076 DT","Couleur: Gris"
"Série 11593 (glissière)","Prix Unitaire: 94.876 DT","Couleur: Noir givré"
"Série 11593 (glissière)","Prix Unitaire: 8.476 DT","Couleur: Gris givré"
"Série 11593 (glissière)","Prix Unitaire: 89.18 DT","Couleur: Noir mat"
"Série 11593 (glissière)","Prix Unitaire: 89.18 DT","Couleur: Effet bois"
"Série 180 (glissière 45)","Prix Unitaire: 48.996 DT","Couleur: Blanc"
"Série 180 (glissière 45)","Prix Unitaire: 56.805 DT","Couleur: Noir givré"
"Série 180 (glissière 45)","Prix Unitaire: 56.805 DT","Couleur: Gris givré"
"Série 180 (glissière 45)","Prix Unitaire: 53.456 DT","Couleur: Noir mat"
"Série 180 (glissière 45)","Prix Unitaire: 53.456 DT","Couleur: Effet bois"
"Série 180 (glissière 45)","Prix Unitaire: 50.978 DT","Couleur: Gris"
"Série 757","Prix Unitaire: 67.722 DT","Couleur: Blanc"
"Série 757","Prix Unitaire: 69.805 DT","Couleur: Gris"
"Série 757","Prix Unitaire: 76.285 DT","Couleur: Noir givré"
"Série 757","Prix Unitaire: 76.285 DT","Couleur: Gris givré"
"Série 757","Prix Unitaire: 71.809 DT","Couleur: Noir mat"
"Série 757","Prix Unitaire: 71.809 DT","Couleur: Effet bois"
"Série 758","Prix Unitaire: 33.233 DT","Couleur: Blanc"
"Série 758","Prix Unitaire: 35.393 DT","Couleur: Gris"
"Série 758","Prix Unitaire: 38.759 DT","Couleur: Noir givré"
"Série 758","Prix Unitaire: 38.759 DT","Couleur: Gris givré"
"Série 758","Prix Unitaire: 36.657 DT","Couleur: Noir mat"
"Série 758","Prix Unitaire: 36.657 DT","Couleur: Effet bois"
"Axe 60","Prix Unitaire: 27 DT",""
"Axe 60 renforcé","Prix Unitaire: 43.2 DT",""
"Axe 70","Prix Unitaire: 73.44 DT",""